match_id,source_a_asset_id,source_b_asset_id,source_a_file,source_b_file,source_a_page,source_a_sheet,source_a_row,source_b_page,source_b_sheet,source_b_row,source_a_field,source_b_field,application_a,application_b,application_no_equal,score,decision,match_origin
M-000001,B-000001,B-000001,source_a.xlsx,source_b.xlsx,,4 May,4,,4 May,4,Mark column logo,Mark column logo,T/2026/002509,T/2026/002509,True,1.0,EXACT_VISUAL_IDENTITY,identical_source_image
M-000002,B-000002,B-000002,source_a.xlsx,source_b.xlsx,,4 May,9,,4 May,9,Mark column logo,Mark column logo,T/2021/013938,T/2021/013938,True,1.0,EXACT_VISUAL_IDENTITY,identical_source_image
M-000003,B-000003,B-000003,source_a.xlsx,source_b.xlsx,,4 May,11,,4 May,11,Mark column logo,Mark column logo,T/2021/014342,T/2021/014342,True,1.0,EXACT_VISUAL_IDENTITY,identical_source_image
M-000004,B-000004,B-000004,source_a.xlsx,source_b.xlsx,,4 May,13,,4 May,13,Mark column logo,Mark column logo,T/2021/019535,T/2021/019535,True,1.0,EXACT_VISUAL_IDENTITY,identical_source_image
M-000005,B-000005,B-000005,source_a.xlsx,source_b.xlsx,,5 May,4,,5 May,4,Mark column logo,Mark column logo,T/2021/012425,T/2021/012425,True,1.0,EXACT_VISUAL_IDENTITY,identical_source_image
M-000006,B-000006,B-000006,source_a.xlsx,source_b.xlsx,,5 May,10,,5 May,10,Mark column logo,Mark column logo,T/2021/017968,T/2021/017968,True,1.0,EXACT_VISUAL_IDENTITY,identical_source_image
M-000007,B-000007,B-000007,source_a.xlsx,source_b.xlsx,,11 May,4,,11 May,4,Mark column logo,Mark column logo,T/2021/012425,T/2021/012425,True,1.0,EXACT_VISUAL_IDENTITY,identical_source_image
M-000008,B-000008,B-000008,source_a.xlsx,source_b.xlsx,,11 May,10,,11 May,10,Mark column logo,Mark column logo,T/2021/017968,T/2021/017968,True,1.0,EXACT_VISUAL_IDENTITY,identical_source_image
M-000009,B-000009,B-000009,source_a.xlsx,source_b.xlsx,,15 May,4,,15 May,4,Mark column logo,Mark column logo,T/2026/002679,T/2026/002679,True,1.0,EXACT_VISUAL_IDENTITY,identical_source_image
M-000010,B-000010,B-000010,source_a.xlsx,source_b.xlsx,,15 May,5,,15 May,5,Mark column logo,Mark column logo,T/2021/011262,T/2021/011262,True,1.0,EXACT_VISUAL_IDENTITY,identical_source_image
M-000011,B-000011,B-000011,source_a.xlsx,source_b.xlsx,,15 May,6,,15 May,6,Mark column logo,Mark column logo,T/2021/011263,T/2021/011263,True,1.0,EXACT_VISUAL_IDENTITY,identical_source_image
M-000012,B-000012,B-000012,source_a.xlsx,source_b.xlsx,,15 May,7,,15 May,7,Mark column logo,Mark column logo,T/2021/011264,T/2021/011264,True,1.0,EXACT_VISUAL_IDENTITY,identical_source_image
M-000013,B-000013,B-000013,source_a.xlsx,source_b.xlsx,,15 May,8,,15 May,8,Mark column logo,Mark column logo,T/2021/011915,T/2021/011915,True,1.0,EXACT_VISUAL_IDENTITY,identical_source_image
M-000014,B-000014,B-000014,source_a.xlsx,source_b.xlsx,,15 May,9,,15 May,9,Mark column logo,Mark column logo,T/2021/013230,T/2021/013230,True,1.0,EXACT_VISUAL_IDENTITY,identical_source_image
M-000015,B-000015,B-000015,source_a.xlsx,source_b.xlsx,,15 May,10,,15 May,10,Mark column logo,Mark column logo,T/2021/013231,T/2021/013231,True,1.0,EXACT_VISUAL_IDENTITY,identical_source_image
M-000016,B-000016,B-000016,source_a.xlsx,source_b.xlsx,,15 May,11,,15 May,11,Mark column logo,Mark column logo,T/2021/013232,T/2021/013232,True,1.0,EXACT_VISUAL_IDENTITY,identical_source_image
M-000017,B-000017,B-000017,source_a.xlsx,source_b.xlsx,,15 May,12,,15 May,12,Mark column logo,Mark column logo,T/2021/013233,T/2021/013233,True,1.0,EXACT_VISUAL_IDENTITY,identical_source_image
M-000018,B-000018,B-000018,source_a.xlsx,source_b.xlsx,,15 May,13,,15 May,13,Mark column logo,Mark column logo,T/2021/013235,T/2021/013235,True,1.0,EXACT_VISUAL_IDENTITY,identical_source_image
M-000019,B-000019,B-000019,source_a.xlsx,source_b.xlsx,,15 May,14,,15 May,14,Mark column logo,Mark column logo,T/2021/013236,T/2021/013236,True,1.0,EXACT_VISUAL_IDENTITY,identical_source_image
M-000020,B-000020,B-000020,source_a.xlsx,source_b.xlsx,,15 May,15,,15 May,15,Mark column logo,Mark column logo,T/2021/013238,T/2021/013238,True,1.0,EXACT_VISUAL_IDENTITY,identical_source_image
M-000021,B-000021,B-000021,source_a.xlsx,source_b.xlsx,,15 May,16,,15 May,16,Mark column logo,Mark column logo,T/2021/013239,T/2021/013239,True,1.0,EXACT_VISUAL_IDENTITY,identical_source_image
M-000022,B-000022,B-000022,source_a.xlsx,source_b.xlsx,,15 May,17,,15 May,17,Mark column logo,Mark column logo,T/2021/013400,T/2021/013400,True,1.0,EXACT_VISUAL_IDENTITY,identical_source_image
M-000023,B-000023,B-000023,source_a.xlsx,source_b.xlsx,,15 May,18,,15 May,18,Mark column logo,Mark column logo,T/2021/013650,T/2021/013650,True,1.0,EXACT_VISUAL_IDENTITY,identical_source_image
M-000024,B-000024,B-000024,source_a.xlsx,source_b.xlsx,,15 May,19,,15 May,19,Mark column logo,Mark column logo,T/2021/013978,T/2021/013978,True,1.0,EXACT_VISUAL_IDENTITY,identical_source_image
M-000025,B-000025,B-000025,source_a.xlsx,source_b.xlsx,,15 May,20,,15 May,20,Mark column logo,Mark column logo,T/2021/014345,T/2021/014345,True,1.0,EXACT_VISUAL_IDENTITY,identical_source_image
M-000026,B-000026,B-000026,source_a.xlsx,source_b.xlsx,,15 May,21,,15 May,21,Mark column logo,Mark column logo,T/2021/014447,T/2021/014447,True,1.0,EXACT_VISUAL_IDENTITY,identical_source_image
M-000027,B-000027,B-000027,source_a.xlsx,source_b.xlsx,,15 May,22,,15 May,22,Mark column logo,Mark column logo,T/2021/016985,T/2021/016985,True,1.0,EXACT_VISUAL_IDENTITY,identical_source_image
M-000028,B-000028,B-000028,source_a.xlsx,source_b.xlsx,,15 May,23,,15 May,23,Mark column logo,Mark column logo,T/2021/017706,T/2021/017706,True,1.0,EXACT_VISUAL_IDENTITY,identical_source_image
M-000029,B-000029,B-000029,source_a.xlsx,source_b.xlsx,,15 May,24,,15 May,24,Mark column logo,Mark column logo,T/2021/018465,T/2021/018465,True,1.0,EXACT_VISUAL_IDENTITY,identical_source_image
M-000030,B-000030,B-000030,source_a.xlsx,source_b.xlsx,,15 May,25,,15 May,25,Mark column logo,Mark column logo,T/2021/018466,T/2021/018466,True,1.0,EXACT_VISUAL_IDENTITY,identical_source_image
M-000031,B-000031,B-000031,source_a.xlsx,source_b.xlsx,,15 May,26,,15 May,26,Mark column logo,Mark column logo,T/2021/019589,T/2021/019589,True,1.0,EXACT_VISUAL_IDENTITY,identical_source_image
M-000032,B-000032,B-000032,source_a.xlsx,source_b.xlsx,,15 May,27,,15 May,27,Mark column logo,Mark column logo,T/2021/019704,T/2021/019704,True,1.0,EXACT_VISUAL_IDENTITY,identical_source_image
M-000033,B-000033,B-000033,source_a.xlsx,source_b.xlsx,,15 May,28,,15 May,28,Mark column logo,Mark column logo,T/2021/021119,T/2021/021119,True,1.0,EXACT_VISUAL_IDENTITY,identical_source_image
M-000034,B-000034,B-000034,source_a.xlsx,source_b.xlsx,,21 May,4,,21 May,4,Mark column logo,Mark column logo,T/2026/002746,T/2026/002746,True,1.0,EXACT_VISUAL_IDENTITY,identical_source_image
M-000035,B-000035,B-000035,source_a.xlsx,source_b.xlsx,,21 May,8,,21 May,8,Mark column logo,Mark column logo,T/2021/013781,T/2021/013781,True,1.0,EXACT_VISUAL_IDENTITY,identical_source_image
M-000036,B-000036,B-000036,source_a.xlsx,source_b.xlsx,,21 May,9,,21 May,9,Mark column logo,Mark column logo,T/2021/016602,T/2021/016602,True,1.0,EXACT_VISUAL_IDENTITY,identical_source_image
M-000037,B-000037,B-000037,source_a.xlsx,source_b.xlsx,,21 May,10,,21 May,10,Mark column logo,Mark column logo,T/2021/016603,T/2021/016603,True,1.0,EXACT_VISUAL_IDENTITY,identical_source_image
M-000038,B-000038,B-000038,source_a.xlsx,source_b.xlsx,,22 May,17,,22 May,17,Mark column logo,Mark column logo,T/2021/013627,T/2021/013627,True,1.0,EXACT_VISUAL_IDENTITY,identical_source_image
M-000039,B-000039,B-000039,source_a.xlsx,source_b.xlsx,,22 May,18,,22 May,18,Mark column logo,Mark column logo,T/2021/014003,T/2021/014003,True,1.0,EXACT_VISUAL_IDENTITY,identical_source_image
M-000040,B-000040,B-000040,source_a.xlsx,source_b.xlsx,,22 May,19,,22 May,19,Mark column logo,Mark column logo,T/2021/013999,T/2021/013999,True,1.0,EXACT_VISUAL_IDENTITY,identical_source_image
M-000041,B-000041,B-000041,source_a.xlsx,source_b.xlsx,,22 May,22,,22 May,22,Mark column logo,Mark column logo,T/2021/016248,T/2021/016248,True,1.0,EXACT_VISUAL_IDENTITY,identical_source_image
M-000042,B-000042,B-000042,source_a.xlsx,source_b.xlsx,,22 May,23,,22 May,23,Mark column logo,Mark column logo,T/2021/016532,T/2021/016532,True,1.0,EXACT_VISUAL_IDENTITY,identical_source_image
M-000043,B-000043,B-000043,source_a.xlsx,source_b.xlsx,,22 May,28,,22 May,28,Mark column logo,Mark column logo,T/2021/017051,T/2021/017051,True,1.0,EXACT_VISUAL_IDENTITY,identical_source_image
M-000044,B-000044,B-000044,source_a.xlsx,source_b.xlsx,,22 May,29,,22 May,29,Mark column logo,Mark column logo,T/2021/017358,T/2021/017358,True,1.0,EXACT_VISUAL_IDENTITY,identical_source_image
M-000045,B-000045,B-000045,source_a.xlsx,source_b.xlsx,,22 May,32,,22 May,32,Mark column logo,Mark column logo,T/2021/020315,T/2021/020315,True,1.0,EXACT_VISUAL_IDENTITY,identical_source_image
M-000046,B-000046,B-000046,source_a.xlsx,source_b.xlsx,,26 May,4,,26 May,4,Mark column logo,Mark column logo,T/2021/010813,T/2021/010813,True,1.0,EXACT_VISUAL_IDENTITY,identical_source_image
M-000047,B-000047,B-000047,source_a.xlsx,source_b.xlsx,,26 May,5,,26 May,5,Mark column logo,Mark column logo,T/2021/009947,T/2021/009947,True,1.0,EXACT_VISUAL_IDENTITY,identical_source_image
M-000048,B-000048,B-000048,source_a.xlsx,source_b.xlsx,,27 May,9,,27 May,9,Mark column logo,Mark column logo,T/2021/016271,T/2021/016271,True,1.0,EXACT_VISUAL_IDENTITY,identical_source_image
M-000049,B-000049,B-000049,source_a.xlsx,source_b.xlsx,,29 May,6,,29 May,6,Mark column logo,Mark column logo,T/2021/004780,T/2021/004780,True,1.0,EXACT_VISUAL_IDENTITY,identical_source_image
M-000050,B-000050,B-000050,source_a.xlsx,source_b.xlsx,,29 May,8,,29 May,8,Mark column logo,Mark column logo,T/2021/004786,T/2021/004786,True,1.0,EXACT_VISUAL_IDENTITY,identical_source_image
M-000051,B-000051,B-000051,source_a.xlsx,source_b.xlsx,,29 May,9,,29 May,9,Mark column logo,Mark column logo,T/2021/016999,T/2021/016999,True,1.0,EXACT_VISUAL_IDENTITY,identical_source_image
M-000052,B-000052,B-000052,source_a.xlsx,source_b.xlsx,,29 May,10,,29 May,10,Mark column logo,Mark column logo,T/2021/017001,T/2021/017001,True,1.0,EXACT_VISUAL_IDENTITY,identical_source_image
M-000053,B-000053,B-000053,source_a.xlsx,source_b.xlsx,,29 May,11,,29 May,11,Mark column logo,Mark column logo,T/2021/017003,T/2021/017003,True,1.0,EXACT_VISUAL_IDENTITY,identical_source_image
